"0","table <- table(df$NYHA)"
"0",""
"0","# Frequência relativa"
"0","freqrel <- round(table * 100 / sum(table), 2)"
"0",""
"0","# Frequência absoluta acumulada"
"0","frequencia_absoluta_acumulada <- cumsum(table)"
"0",""
"0","# Frequência relativa acumulada"
"0","frequencia_relativa_acumulada <- round(cumsum(freqrel), 2)"
"0",""
"0","nyha_table <- data.frame(NYHA = c(0, 1, 2, 3, 4),"
"0","                         FreqAbsoluta = table,"
"0","                         FreqRelativa = freqrel,"
"0","                         FreqAbsAcum = frequencia_absoluta_acumulada,"
"0","                         FreqRelAcum = frequencia_relativa_acumulada,"
"0","                         Total = sum(table))"
"2","Error in data.frame(NYHA = c(0, 1, 2, 3, 4), FreqAbsoluta = table, FreqRelativa = freqrel,  : 
  arguments imply differing number of rows: 5, 0, 1
"
