{"chunk_definitions":[{"row":40,"row_count":1,"visible":true,"expansion_state":1,"options":{"engine":"r","label":"setup","include":false},"document_id":"B9DEBEB6","chunk_id":"csetup_chunk","chunk_label":"setup"},{"row":53,"row_count":1,"visible":true,"expansion_state":1,"options":{"engine":"r","label":"histogram_rep","fig.cap":"Histograma de Consumo de O2 em Repouso"},"document_id":"B9DEBEB6","chunk_id":"cnc8j4p8wli7u","chunk_label":"histogram_rep"},{"row":66,"row_count":1,"visible":true,"expansion_state":1,"options":{"engine":"r","label":"histogram_lan","fig.cap":"Histograma de Consumo de O2 na Limiar Anaeróbio"},"document_id":"B9DEBEB6","chunk_id":"c139fohcqb489","chunk_label":"histogram_lan"},{"row":79,"row_count":1,"visible":true,"expansion_state":1,"options":{"engine":"r","label":"histogram_pcr","fig.cap":"Histograma de Consumo de O2 no Ponto de Compensação Respiratório"},"document_id":"B9DEBEB6","chunk_id":"cbzqpmsfc3e8j","chunk_label":"histogram_pcr"},{"row":92,"row_count":1,"visible":true,"expansion_state":0,"options":{"engine":"r","label":"histogram_pic","fig.cap":"Histograma de Consumo de O2 no Pico de Exercício"},"document_id":"B9DEBEB6","chunk_id":"ccg3fc9vy2jj9","chunk_label":"histogram_pic"},{"row":108,"row_count":1,"visible":true,"expansion_state":1,"options":{"engine":"r","label":"boxplot_all_vo2","fig.cap":"Boxplots das Variáveis de Consumo de O2"},"document_id":"B9DEBEB6","chunk_id":"c7d5fyha6gxj7","chunk_label":"boxplot_all_vo2"},{"row":142,"row_count":1,"visible":true,"expansion_state":0,"options":{"engine":"r","label":"freq_table","results":"asis","echo":false},"document_id":"B9DEBEB6","chunk_id":"c7hq9f736fhio","chunk_label":"freq_table"},{"row":156,"row_count":1,"visible":true,"expansion_state":0,"options":{"engine":"r","label":"pie_chart","results":"asis","echo":false},"document_id":"B9DEBEB6","chunk_id":"c8blviu91l76g","chunk_label":"pie_chart"}],"doc_write_time":1693225429,"working_dir":null,"default_chunk_options":{}}