"0","df_box <- tidyr::pivot_longer(df, cols = starts_with(""VO2""), names_to = ""type"")"
"0",""
"0","boxplot_all_vo2 <- ggplot(data = df_box, aes(x = type, y = value)) +"
"0","  geom_boxplot(color = '#2a2f30', fill = '#454f52') +"
"0","  labs(title='Boxplots das Variáveis de Consumo de O2',"
"0","       x = 'Variável', y = 'Consumo (ml/kg.min)') +"
"0","  theme(axis.title = element_text(size = 14),"
"0","        axis.text = element_text(size = 10)) +"
"0","  facet_wrap(~ type, scales = 'free', ncol = 2, "
"0","  labeller=labeller(type=c(VO2_REP='Consumo de O2 em Repouso',"
"0","                           VO2_LAN='Consumo de O2 na Limiar Anaeróbio',"
"0","                           VO2_PCR='O2 no Ponto de Comp. Respiratório',"
"0","                           VO2_PIC='Consumo de O2 no Pico de Exercício')))"
"0","boxplot_all_vo2"
