"0","# Plotagem em Gráfico de Setores"
"0","pizza <- ggplot(nyha_table, aes(x = '', y = FreqRelativa, fill = factor(NYHA))) +"
"0","  geom_bar(stat = 'identity', width = 1) + coord_polar(theta = 'y') +"
"0","  labs(title = ""Proporção das Classes Funcionais NYHA"","
"0","       fill = ""Classe"","
"0","       x = NULL,"
"0","       y = NULL) +"
"0","  scale_fill_manual(values = c(""#59493b"", ""#3b5946"", ""#3b4659"", ""#593b3b"", ""#5c5c5c"")) +"
"0","  geom_text(aes(label = paste0(round(FreqRelativa, 1), "" %"")),"
"0","            position = position_stack(vjust = 0.5))"
"0","pizza"
"1","[1m[33mError[39m in `geom_bar()`:[22m
[38;5;253m[33m![38;5;253m Problem while computing aesthetics.
[36mℹ[38;5;253m Error occurred in the 1st layer.[39m
[1mCaused by error:[22m
[33m![39m object 'FreqRelativa' not found
Backtrace:
[90m  1. [39m[1mbase[22m (local) `<fn>`(x)
[90m  2. [39mggplot2:::print.ggplot(x)
[90m  4. [39mggplot2:::ggplot_build.ggplot(x)
[90m  5. [39mggplot2:::by_layer(...)
[90m 12. [39mggplot2 (local) f(l = layers[[i]], d = data[[i]])
[90m 13. [39ml$compute_aesthetics(d, plot)
[90m 14. [39mggplot2 (local) compute_aesthetics(..., self = self)
[90m 15. [39mggplot2:::scales_add_defaults(...)
[90m 16. [39m[1mbase[22m::lapply(aesthetics[new_aesthetics], eval_tidy, data = data)
[90m 17. [39m[1mrlang[22m (local) FUN(X[[i]], ...)
"
