"0","lan <- ggplot(data = df, aes(x = VO2_LAN)) +"
"0","  geom_histogram(binwidth = 1, color = '#2a2f30', fill = '#454f52') +"
"0","  geom_vline(aes(xintercept = mean(VO2_LAN, na.rm=TRUE)), color = '#9ed5e6', linetype = 'solid', size = 0.5) +"
"0","  labs(title = 'Histograma de Consumo de O2 na Limiar Anaeróbio',"
"0","       x = 'Consumo (ml/kg.min)', y = 'Frequência') +"
"0","  theme(plot.title = element_text(size = 12, hjust = 0),"
"0","        axis.title = element_text(size = 14),"
"0","        axis.text = element_text(size = 10))"
"0","ggsave(""hist_lan.png"", plot=lan, dpi = 600)"
"2","[38;5;253mSaving 7 x 7 in image[39m"
"0","lan"
