"0","# Instalações de Bibliotecas"
"0","if(!require(ggplot2)) install.packages('ggplot2'); library(ggplot2)"
"0","if(!require(tidyverse)) install.packages('tidyverse'); library(tidyverse)"
"0","if(!require(psych)) install.packages('psych'); library(psych)"
"0","if(!require(knitr)) install.packages('knitr'); library(knitr)"
"0",""
"0","# Carregamento de Dados e Tratamento"
"0","df <- read.csv('/cloud/project/data/R-Esforcor.csv', sep=';')"
"0",""
"0","df$Paciente = as.character(df$Paciente)"
"0",""
"0","df <- df %>%"
"0","  mutate_at(vars(all_of(c('Peso', 'Idade', 'VO2_REP', 'VO2_LAN', 'VO2_PCR', 'VO2_PIC'))),"
"0","                 ~ as.numeric(sub(',', '.', .)))"
"2","Warning: [38;5;253mThere were 2 warnings in `mutate()`.
The first warning was:[39m
[38;5;253m[36mℹ[38;5;253m In argument: `VO2_LAN = (structure(function (..., .x = ..1, .y = ..2, . = ..1) ...`.[39m
Caused by warning in `as.numeric()`:
[33m![39m NAs introduced by coercion
[38;5;253m[36mℹ[38;5;253m Run ]8;;ide:run:dplyr::last_dplyr_warnings()dplyr::last_dplyr_warnings()]8;; to see the 1 remaining warning.[39m"
"0","df$NYHA <- c(2,1,2,2,4,1,3,2,3,1,3,3,1,4,2,2,2,2,2,2,2,3,3,3,2,3,3,3,2,2,2,4,3,1,4,3,3,1,2,1,4,1,1,4,1,1,1,1,1,1,4,4,3,2,3,4,4,4,4,3,2,2,1,3,3,3,1,2,2,1,1,1,1,1,1,2,1,1,1,2,3,3,1,3,4,3,3,0,0,0,0,0,0,0,0,0,0,0,0,0,0,0,0,0,0,0,0,0,0,0,0,0,0,0,0,0,0,0,0,0,0,0))"
"2","Error: unexpected ')' in ""$NYHA <- c(2,1,2,2,4,1,3,2,3,1,3,3,1,4,2,2,2,2,2,2,2,3,3,3,2,3,3,3,2,2,2,4,3,1,4,3,3,1,2,1,4,1,1,4,1,1,1,1,1,1,4,4,3,2,3,4,4,4,4,3,2,2,1,3,3,3,1,2,2,1,1,1,1,1,1,2,1,1,1,2,3,3,1,3,4,3,3,0,0,0,0""
"
